-- MySQL dump 10.13  Distrib 9.2.0, for Linux (x86_64)
--
-- Host: localhost    Database: bookMS
-- ------------------------------------------------------
-- Server version	9.2.0

/*!40101 SET @OLD_CHARACTER_SET_CLIENT=@@CHARACTER_SET_CLIENT */;
/*!40101 SET @OLD_CHARACTER_SET_RESULTS=@@CHARACTER_SET_RESULTS */;
/*!40101 SET @OLD_COLLATION_CONNECTION=@@COLLATION_CONNECTION */;
/*!50503 SET NAMES utf8mb4 */;
/*!40103 SET @OLD_TIME_ZONE=@@TIME_ZONE */;
/*!40103 SET TIME_ZONE='+00:00' */;
/*!40014 SET @OLD_UNIQUE_CHECKS=@@UNIQUE_CHECKS, UNIQUE_CHECKS=0 */;
/*!40014 SET @OLD_FOREIGN_KEY_CHECKS=@@FOREIGN_KEY_CHECKS, FOREIGN_KEY_CHECKS=0 */;
/*!40101 SET @OLD_SQL_MODE=@@SQL_MODE, SQL_MODE='NO_AUTO_VALUE_ON_ZERO' */;
/*!40111 SET @OLD_SQL_NOTES=@@SQL_NOTES, SQL_NOTES=0 */;

--
-- Table structure for table `book`
--

DROP TABLE IF EXISTS `book`;
/*!40101 SET @saved_cs_client     = @@character_set_client */;
/*!50503 SET character_set_client = utf8mb4 */;
CREATE TABLE `book` (
  `id` bigint NOT NULL AUTO_INCREMENT,
  `bookname` varchar(255) DEFAULT NULL,
  `author` varchar(255) DEFAULT NULL,
  `booktype` varchar(255) DEFAULT NULL,
  `publisher` varchar(255) DEFAULT NULL,
  `booknumber` int DEFAULT NULL,
  `description` varchar(255) DEFAULT NULL,
  `isbn` varchar(255) DEFAULT NULL,
  `publishedDate` date DEFAULT NULL,
  PRIMARY KEY (`id`)
) ENGINE=InnoDB AUTO_INCREMENT=12 DEFAULT CHARSET=utf8mb4 COLLATE=utf8mb4_0900_ai_ci;
/*!40101 SET character_set_client = @saved_cs_client */;

--
-- Dumping data for table `book`
--

LOCK TABLES `book` WRITE;
/*!40000 ALTER TABLE `book` DISABLE KEYS */;
INSERT INTO `book` VALUES (1,'C++从入门到入坟','捏','🐔算机','电子工业出版社',9,'我大C++天下无敌啊！','1231231123123','1112-02-03'),(2,'JAVA从精通到忘记','丛先生','🐔算机','电子工业出版社',21,'就不是给人学的','2423497234273','1428-11-05'),(5,'能力额','捏','数学','捏出版社',1145,'123123123','8976712418927','1999-01-09'),(10,'23123','123213','1231234','455',5,'10rifjf','1231452365465','2025-04-11'),(11,'测试','测试','🐔算计','103出版社',33,'222222','4235678345678','2025-05-22');
/*!40000 ALTER TABLE `book` ENABLE KEYS */;
UNLOCK TABLES;

--
-- Table structure for table `borrow`
--

DROP TABLE IF EXISTS `borrow`;
/*!40101 SET @saved_cs_client     = @@character_set_client */;
/*!50503 SET character_set_client = utf8mb4 */;
CREATE TABLE `borrow` (
  `userid` bigint DEFAULT NULL,
  `bookid` bigint DEFAULT NULL,
  `borrowdate` date DEFAULT NULL,
  `returndate` date DEFAULT NULL,
  KEY `userid` (`userid`),
  KEY `bookid` (`bookid`),
  CONSTRAINT `borrow_ibfk_1` FOREIGN KEY (`userid`) REFERENCES `user` (`id`),
  CONSTRAINT `borrow_ibfk_2` FOREIGN KEY (`bookid`) REFERENCES `book` (`id`)
) ENGINE=InnoDB DEFAULT CHARSET=utf8mb4 COLLATE=utf8mb4_0900_ai_ci;
/*!40101 SET character_set_client = @saved_cs_client */;

--
-- Dumping data for table `borrow`
--

LOCK TABLES `borrow` WRITE;
/*!40000 ALTER TABLE `borrow` DISABLE KEYS */;
INSERT INTO `borrow` VALUES (2,2,'2025-04-17','2025-04-18'),(2,2,'2025-04-17','2025-04-17'),(2,2,'2025-04-17','2025-04-17'),(2,2,'2025-04-17','2025-04-17'),(2,1,'2025-04-17','2025-04-17'),(2,1,'2025-04-17','2025-04-17'),(2,1,'2025-04-17','2025-04-18'),(2,2,'2025-04-17','2025-04-17'),(3,1,'2025-04-19',NULL),(2,1,'2025-04-23','2025-04-23'),(2,1,'2025-04-23','2025-04-23'),(2,2,'2025-04-23','2025-04-23'),(2,1,'2025-04-24','2025-04-24'),(2,1,'2025-04-25','2025-04-30'),(2,1,'2025-05-02','2025-05-02'),(2,5,'2025-05-02','2025-05-03'),(2,11,'2025-05-03',NULL),(2,1,'2025-05-03',NULL),(2,2,'2025-05-03',NULL);
/*!40000 ALTER TABLE `borrow` ENABLE KEYS */;
UNLOCK TABLES;

--
-- Table structure for table `ticket`
--

DROP TABLE IF EXISTS `ticket`;
/*!40101 SET @saved_cs_client     = @@character_set_client */;
/*!50503 SET character_set_client = utf8mb4 */;
CREATE TABLE `ticket` (
  `id` bigint NOT NULL AUTO_INCREMENT,
  `ticketname` varchar(255) DEFAULT NULL,
  `ticketrank` varchar(2) DEFAULT NULL,
  `content` longtext,
  `reply` varchar(255) DEFAULT NULL,
  `userid` bigint DEFAULT NULL,
  `createDate` date DEFAULT NULL,
  `replyDate` date DEFAULT NULL,
  `isclosed` tinyint(1) DEFAULT NULL,
  PRIMARY KEY (`id`),
  KEY `workorder___fk` (`userid`),
  CONSTRAINT `workorder___fk` FOREIGN KEY (`userid`) REFERENCES `user` (`id`)
) ENGINE=InnoDB AUTO_INCREMENT=13 DEFAULT CHARSET=utf8mb4 COLLATE=utf8mb4_0900_ai_ci;
/*!40101 SET character_set_client = @saved_cs_client */;

--
-- Dumping data for table `ticket`
--

LOCK TABLES `ticket` WRITE;
/*!40000 ALTER TABLE `ticket` DISABLE KEYS */;
INSERT INTO `ticket` VALUES (1,'hello','高','test','hello world',2,'2025-04-29','2025-04-30',1),(2,'world','中','5yuhgf',NULL,2,'2025-04-29',NULL,1),(3,'bgfd','高','erfgbnbf','ok',2,'2025-04-29','2025-05-02',1),(4,'能力额','高','你是个傻逼','dasjld',2,'2025-04-30','2025-05-03',1),(9,'我想添加几本书','高','《我的前半生》\r\n《量子力学》','不行',2,'2025-04-30','2025-04-30',1),(10,'测试工单','高','测试测试',NULL,6,'2025-05-02',NULL,0),(11,'测试工单','低','你好你好你好你好',NULL,2,'2025-05-03',NULL,1),(12,'wsadasdasd','高','312312312312231223','123',2,'2025-05-05','2025-05-05',1);
/*!40000 ALTER TABLE `ticket` ENABLE KEYS */;
UNLOCK TABLES;

--
-- Table structure for table `user`
--

DROP TABLE IF EXISTS `user`;
/*!40101 SET @saved_cs_client     = @@character_set_client */;
/*!50503 SET character_set_client = utf8mb4 */;
CREATE TABLE `user` (
  `id` bigint NOT NULL AUTO_INCREMENT,
  `username` varchar(255) DEFAULT NULL,
  `password` varchar(255) DEFAULT NULL,
  `phone` varchar(255) DEFAULT NULL,
  `email` varchar(255) DEFAULT NULL,
  `power` int DEFAULT NULL,
  PRIMARY KEY (`id`)
) ENGINE=InnoDB AUTO_INCREMENT=11 DEFAULT CHARSET=utf8mb4 COLLATE=utf8mb4_0900_ai_ci;
/*!40101 SET character_set_client = @saved_cs_client */;

--
-- Dumping data for table `user`
--

LOCK TABLES `user` WRITE;
/*!40000 ALTER TABLE `user` DISABLE KEYS */;
INSERT INTO `user` VALUES (1,'admin','123','1876697104522','52xhai@gmail.com',10),(2,'test','123','135731','celivra@gil.com',0),(3,'hahha','123','10086','wuji@kun.com',1),(6,'yuanyu','123','12344','a@qq.com',0),(10,'nie','nienie','10086','1165936315@qq.com',0);
/*!40000 ALTER TABLE `user` ENABLE KEYS */;
UNLOCK TABLES;
/*!40103 SET TIME_ZONE=@OLD_TIME_ZONE */;

/*!40101 SET SQL_MODE=@OLD_SQL_MODE */;
/*!40014 SET FOREIGN_KEY_CHECKS=@OLD_FOREIGN_KEY_CHECKS */;
/*!40014 SET UNIQUE_CHECKS=@OLD_UNIQUE_CHECKS */;
/*!40101 SET CHARACTER_SET_CLIENT=@OLD_CHARACTER_SET_CLIENT */;
/*!40101 SET CHARACTER_SET_RESULTS=@OLD_CHARACTER_SET_RESULTS */;
/*!40101 SET COLLATION_CONNECTION=@OLD_COLLATION_CONNECTION */;
/*!40111 SET SQL_NOTES=@OLD_SQL_NOTES */;

-- Dump completed on 2025-05-05 20:43:27
